slug,error,context,new_ci
nakajijapan/frustrationme_app,0,continuous-integration/wercker,Wercker CI
dtjm/plaintext.js,0,continuous-integration/wercker,Wercker CI
andrebautista/portfolio,0,continuous-integration/wercker,Wercker CI
Phpansible/Phpansible,0,continuous-integration/wercker,Wercker CI
stevebauman/maintenance,0,StyleCI,Style CI
fabian/statusboard,0,continuous-integration/styleci/push,Style CI
caffeinated/flash,0,continuous-integration/styleci/push,Style CI
murer/qunit-page,0,Shippable,Shippable CI
jbornschein/reweighted-ws,0,Shippable,Shippable CI
ryanj/gist-reveal,0,Shippable,Shippable CI
datacenter/cobra,0,Shippable,Shippable CI
fs/rails-base,0,semaphoreci,Semaphore CI
t6d/smart_properties,0,semaphoreci,Semaphore CI
renderedtext/base-app,0,semaphoreci,Semaphore CI
ged/inversion,0,semaphoreci,Semaphore CI
ged/linkparser,0,semaphoreci,Semaphore CI
ged/loggability,0,semaphoreci,Semaphore CI
subvisual/blog.subvisual.co,0,semaphoreci,Semaphore CI
welaika/wordless_gem,0,semaphoreci,Semaphore CI
welaika/wordpress_tools,0,semaphoreci,Semaphore CI
killerwolf/JCDecauxCyclocity,0,semaphoreci,Semaphore CI
coorasse/Airesis,0,semaphoreci,Semaphore CI
dejanr/countn,0,semaphoreci,Semaphore CI
Strimoid/Strimoid,0,semaphoreci,Semaphore CI
red-eclipse/base,0,semaphoreci,Semaphore CI
ged/ruby-mongrel2,0,semaphoreci,Semaphore CI
artsy/gris,0,semaphoreci,Semaphore CI
omnipay/common,0,Scrutinizer,Scrutinizer CI
kingsquare/communibase-connector-js,0,Scrutinizer,Scrutinizer CI
sciactive/nymph,0,Scrutinizer,Scrutinizer CI
mmoreramerino/GearmanBundle,0,continuous-integration/travis-ci/push,Returned to Travis CI
substance/data,0,continuous-integration/travis-ci/push,Returned to Travis CI
smarchive/puppet-git-hooks,0,continuous-integration/travis-ci/push,Returned to Travis CI
Brickrouge/Brickrouge,0,continuous-integration/travis-ci/push,Returned to Travis CI
jeanphix/django-resumable,0,continuous-integration/travis-ci/push,Returned to Travis CI
jprichardson/node-suppose,0,continuous-integration/travis-ci/push,Returned to Travis CI
smarchive/puppet-archive,0,continuous-integration/travis-ci/push,Returned to Travis CI
shane-tomlinson/connect-fonts,0,continuous-integration/travis-ci/push,Returned to Travis CI
euphorie/Euphorie,0,continuous-integration/travis-ci/push,Returned to Travis CI
LaurentGoderre/wet-boew,0,continuous-integration/travis-ci/push,Returned to Travis CI
rouault/gdal,0,continuous-integration/travis-ci/push,Returned to Travis CI
hgfischer/domainerator,0,continuous-integration/travis-ci/push,Returned to Travis CI
ojacquemart/vlilleChecker,0,continuous-integration/travis-ci/push,Returned to Travis CI
requests/requests-kerberos,0,continuous-integration/travis-ci/push,Returned to Travis CI
sourishkrout/grunt-saucelabs,0,continuous-integration/travis-ci/push,Returned to Travis CI
andrew-d/python-multipart,0,continuous-integration/travis-ci/push,Returned to Travis CI
richfaces/richfaces5,0,continuous-integration/travis-ci/push,Returned to Travis CI
charmander/razorleaf,0,continuous-integration/travis-ci/push,Returned to Travis CI
ResourceDataInc/commuter_challenge,0,continuous-integration/travis-ci/push,Returned to Travis CI
BlueBrain/Livre,0,continuous-integration/travis-ci/push,Returned to Travis CI
elexis/elexis-3-core,0,continuous-integration/travis-ci/push,Returned to Travis CI
ripple/ripple-lib,0,continuous-integration/travis-ci/push,Returned to Travis CI
fluxroot/flux,0,continuous-integration/travis-ci/push,Returned to Travis CI
bueltge/wordpress-multisite-enhancements,0,continuous-integration/travis-ci/push,Returned to Travis CI
lumail/lumail,0,continuous-integration/travis-ci/push,Returned to Travis CI
brigade/haml-lint,0,continuous-integration/travis-ci/push,Returned to Travis CI
SquareBracketAssociates/UpdatedPharoByExample,0,continuous-integration/travis-ci/push,Returned to Travis CI
motemen/ghq,0,continuous-integration/travis-ci/push,Returned to Travis CI
balde/balde,0,continuous-integration/travis-ci/push,Returned to Travis CI
sue445/jenkins-backup-script,0,continuous-integration/travis-ci/push,Returned to Travis CI
Jeroen-G/activity-logger,0,continuous-integration/travis-ci/push,Returned to Travis CI
hex7c0/EncryptoPy,0,continuous-integration/travis-ci/push,Returned to Travis CI
dolittle/Bifrost,0,continuous-integration/travis-ci/push,Returned to Travis CI
gzigzigzeo/sidekiq-grouping,0,continuous-integration/travis-ci/push,Returned to Travis CI
skatemap/skatemap.github.io,0,continuous-integration/travis-ci/push,Returned to Travis CI
kaelzhang/node-nodeinit,0,continuous-integration/travis-ci/push,Returned to Travis CI
anomaly/prestans,0,continuous-integration/travis-ci/push,Returned to Travis CI
rhattersley/pyepsg,0,continuous-integration/travis-ci/push,Returned to Travis CI
alouche/rodent,0,continuous-integration/travis-ci/push,Returned to Travis CI
lwindolf/liferea,0,continuous-integration/travis-ci/push,Returned to Travis CI
cptactionhank/docker-atlassian-jira,0,continuous-integration/travis-ci/push,Returned to Travis CI
missdeer/KellyBackend,0,continuous-integration/travis-ci/push,Returned to Travis CI
dcm4che/dcm4che,0,continuous-integration/travis-ci/push,Returned to Travis CI
demizer/go-rst,0,continuous-integration/travis-ci/push,Returned to Travis CI
hgfischer/go-otp,0,continuous-integration/travis-ci/push,Returned to Travis CI
openalea/openalea,0,continuous-integration/travis-ci/push,Returned to Travis CI
Sefford/kor,0,continuous-integration/travis-ci/push,Returned to Travis CI
NUbots/NUbots,0,continuous-integration/travis-ci/push,Returned to Travis CI
BlackrockDigital/startbootstrap-agency,0,continuous-integration/travis-ci/push,Returned to Travis CI
rigatoni/linguine-node,0,continuous-integration/travis-ci/push,Returned to Travis CI
rigatoni/linguine-python,0,continuous-integration/travis-ci/push,Returned to Travis CI
HubSpot/jinjava,0,continuous-integration/travis-ci/push,Returned to Travis CI
lizhanhui/Alibaba_RocketMQ,0,continuous-integration/travis-ci/push,Returned to Travis CI
asilluron/lionjs,0,continuous-integration/travis-ci/push,Returned to Travis CI
clairton/vraptor-crud,0,continuous-integration/travis-ci/push,Returned to Travis CI
wbrefvem/corkboard,0,continuous-integration/travis-ci/push,Returned to Travis CI
cakemanager/cakephp-cakemanager,0,continuous-integration/travis-ci/push,Returned to Travis CI
theappbusiness/kc-android,0,continuous-integration/travis-ci/push,Returned to Travis CI
hkellaway/HNKWordLookup,0,continuous-integration/travis-ci/push,Returned to Travis CI
saxix/django-geo,0,continuous-integration/travis-ci,Returned to Travis CI
smarchive/puppet-idea,0,continuous-integration/travis-ci,Returned to Travis CI
FluidTYPO3/extbase_realurl,0,continuous-integration/travis-ci,Returned to Travis CI
mmz-srf/puppet-fluentd,0,continuous-integration/travis-ci,Returned to Travis CI
trillek-team/trillek-vcomputer-module,0,continuous-integration/travis-ci,Returned to Travis CI
coruus/keccak-tiny,0,continuous-integration/travis-ci,Returned to Travis CI
alphagov/publisher,0,continuous-integration/jenkins/publishing-e2e-tests,Jenkins
alphagov/calendars,0,continuous-integration/jenkins/branch,Jenkins
alphagov/rummager,0,continuous-integration/jenkins/branch,Jenkins
alphagov/support,0,continuous-integration/jenkins/branch,Jenkins
eclipse/jetty.project,0,continuous-integration/jenkins/branch,Jenkins
colobot/colobot,0,continuous-integration/jenkins/branch,Jenkins
anycook/anycook-api,0,continuous-integration/jenkins/branch,Jenkins
deeplearning4j/deeplearning4j,0,continuous-integration/jenkins/branch,Jenkins
Stratio/unix-maven-plugin,0,continuous-integration/jenkins/branch,Jenkins
diasporg/Poduptime,0,github/pages,GitHub Pages
19wu/19wu,0,github/pages,GitHub Pages
dhilipsiva/dhilipsiva.github.io,0,github/pages,GitHub Pages
Tatsh/tatsh-overlay,0,github/pages,GitHub Pages
RobotWebTools/robotwebtools.github.io,0,github/pages,GitHub Pages
splodingsocks/splodingsocks.github.io,0,github/pages,GitHub Pages
firebase/firereader,0,github/pages,GitHub Pages
yizeng/cn.yizeng.me,0,github/pages,GitHub Pages
driesvints/driesvints.com,0,github/pages,GitHub Pages
SeamlessDistribution/SeamlessDistribution.github.io,0,github/pages,GitHub Pages
miguelmota/miguelmota.github.com,0,github/pages,GitHub Pages
Robinlovelace/robinlovelace.github.io,0,github/pages,GitHub Pages
TheJeterLP/ChatEx,0,github/pages,GitHub Pages
tmd45/tmd45.github.io,0,github/pages,GitHub Pages
wconrad/wconrad.github.io,0,github/pages,GitHub Pages
ABA-Center-for-Human-Rights/aba-icc,0,github/pages,GitHub Pages
Xuanwo/xuanwo.github.io,0,github/pages,GitHub Pages
mmistakes/so-simple-theme,0,github/pages,GitHub Pages
T145/magistics,0,github/pages,GitHub Pages
applysquare/applysquare.github.io,0,github/pages,GitHub Pages
cfriedline/cfriedline.github.com,0,github/pages,GitHub Pages
jprice/jprice.github.io,0,github/pages,GitHub Pages
sheki/parse-blog,0,github/pages,GitHub Pages
hmage/norm,0,github/pages,GitHub Pages
syncloud/image,0,continuous-integration/drone/push,Drone CI
iamfat/gini,0,continuous-integration/drone/push,Drone CI
syncloud/android,0,continuous-integration/drone/push,Drone CI
syncloud/owncloud,0,continuous-integration/drone/push,Drone CI
sprucedev/DockCI,0,continuous-integration/dockci/push,Dock CI
juliangruber/ghub.io,0,dependency-ci,Dependency CI
smarchive/dropwizard-gelf,0,coverage/coveralls,Coveralls
vstakhov/rspamd,0,coverage/coveralls,Coveralls
davejamesmiller/laravel-breadcrumbs,0,coverage/coveralls,Coveralls
AgileVentures/osra,0,coverage/coveralls,Coveralls
unitsofmeasurement/unit-api,0,coverage/coveralls,Coveralls
tomhughes/openstreetmap-website,0,coverage/coveralls,Coveralls
ansble/monument,0,coverage/coveralls,Coveralls
xjdr/xio,0,coverage/coveralls,Coveralls
hashdog/mongoid-simple-tags,0,continuous-integration/codeship,Codeship CI
hfcorriez/pagon,0,continuous-integration/codeship,Codeship CI
dwaynemac/attendance,0,continuous-integration/codeship,Codeship CI
devmynd/hstore_accessor,0,continuous-integration/codeship,Codeship CI
altryne/google-plus-api,0,continuous-integration/codeship,Codeship CI
lautarobock/brew-o-matic,0,continuous-integration/codeship,Codeship CI
traeblain/.com,0,continuous-integration/codeship,Codeship CI
hubiquitus/hubiquitus-core,0,continuous-integration/codeship,Codeship CI
bredele/lego,0,continuous-integration/codeship,Codeship CI
mike-marcacci/gandhi,0,continuous-integration/codeship,Codeship CI
greebowarrior/nessa,0,continuous-integration/codeship,Codeship CI
marcoramilli/malcontrol,0,continuous-integration/codeship,Codeship CI
blueplanet/sakura_market,0,continuous-integration/codeship,Codeship CI
wholeplatform/whole,0,continuous-integration/codeship,Codeship CI
avalanche-canada/ac-web,0,continuous-integration/codeship,Codeship CI
kornicameister/SpringAtom,0,continuous-integration/codeship,Codeship CI
turingschool/today,0,continuous-integration/codeship,Codeship CI
digitalnatives/fron,0,continuous-integration/codeship,Codeship CI
catchup/catchup-web,0,continuous-integration/codeship,Codeship CI
pietermartin/sqlg,0,continuous-integration/codeship,Codeship CI
CondeNast/copilot-util,0,continuous-integration/codeship,Codeship CI
IndicoDataSolutions/IndicoIo-python,0,continuous-integration/codeship,Codeship CI
IndicoDataSolutions/IndicoIo-node,0,continuous-integration/codeship,Codeship CI
TecnologieDemocratiche/TecnologieDemocratiche,0,continuous-integration/codeship,Codeship CI
FrederikNS/gw2map,0,continuous-integration/codeship,Codeship CI
ausaccessfed/rapidconnect,0,continuous-integration/codeship,Codeship CI
ausaccessfed/saml-service,0,continuous-integration/codeship,Codeship CI
johnpapa/gulp-patterns,0,continuous-integration/codeship,Codeship CI
woutrbe/wall.barcamp.hk,0,continuous-integration/codeship,Codeship CI
IndicoDataSolutions/IndicoIo-PHP,0,continuous-integration/codeship,Codeship CI
davidafsilva/jVault,0,continuous-integration/codeship,Codeship CI
StatFlock/API,0,continuous-integration/codeship,Codeship CI
ausaccessfed/valhammer,0,continuous-integration/codeship,Codeship CI
polomarcus/wake-me-up,0,continuous-integration/codeship,Codeship CI
splinesoft/SSOperations,0,codecov/project,Codecov
auth0/auth0.js,0,codecov/project,Codecov
akerl/redisstore,0,codecov/project,Codecov
akerl/linodeapi,0,codecov/project,Codecov
spring-cloud/spring-cloud-netflix,0,codecov/project,Codecov
akerl/spaarti,0,codecov/project,Codecov
vigetlabs/colonel-kurtz,0,codecov/project,Codecov
bartdag/py4j,0,codecov/patch,Codecov
michel-kraemer/gradle-download-task,0,codecov/patch,Codecov
splinesoft/SSDynamicText,0,codecov/patch,Codecov
akerl/basiccache,0,codecov/patch,Codecov
akerl/githubstats,0,codecov/patch,Codecov
akerl/hss,0,codecov/patch,Codecov
akerl/modlib,0,codecov/patch,Codecov
akerl/roller,0,codecov/patch,Codecov
akerl/svgplot,0,codecov/patch,Codecov
akerl/gemplate,0,codecov/patch,Codecov
dock0/dock0,0,codecov/patch,Codecov
0xced/XCDYouTubeKit,0,codecov/patch,Codecov
amylum/s3repo,0,codecov/patch,Codecov
remind101/request_id,0,ci/circleci: track_rspec_success,Circle CI
Financial-Times/o-grid,0,ci/circleci: test,Circle CI
Financial-Times/o-colors,0,ci/circleci: test,Circle CI
Financial-Times/o-assets,0,ci/circleci: test,Circle CI
Financial-Times/o-forms,0,ci/circleci: test,Circle CI
Financial-Times/o-header,0,ci/circleci: test,Circle CI
Financial-Times/o-overlay,0,ci/circleci: test,Circle CI
Financial-Times/o-dom,0,ci/circleci: test,Circle CI
Financial-Times/o-table,0,ci/circleci: test,Circle CI
Financial-Times/o-viewport,0,ci/circleci: test,Circle CI
Financial-Times/o-share,0,ci/circleci: test,Circle CI
Financial-Times/o-quote,0,ci/circleci: test,Circle CI
Financial-Times/o-squishy-list,0,ci/circleci: test,Circle CI
schneidmaster/gitreports.com,0,ci/circleci: test,Circle CI
Financial-Times/o-expander,0,ci/circleci: test,Circle CI
mbj/mutant,0,ci/circleci: ruby_2_4,Circle CI
tablexi/chef-nginx_conf,0,ci/circleci: release,Circle CI
heroku/heroku-cli-util,0,ci/circleci: node-8,Circle CI
8398a7/abilitysheet,0,ci/circleci: deploy-job,Circle CI
edmontongo/edmontongo.org,0,ci/circleci: deploy,Circle CI
mtchavez/circleci,0,ci/circleci: build_ruby2_6rc,Circle CI
Vagrants/blackbird-httpd,0,ci/circleci_enterprise,Circle CI
stewartmckee/cobweb,0,ci/circleci,Circle CI
thoughtbot/bourbon,0,ci/circleci,Circle CI
simple-statistics/simple-statistics,0,ci/circleci,Circle CI
Clever/clever-ruby,0,ci/circleci,Circle CI
Clever/clever-php,0,ci/circleci,Circle CI
closeio/flask-mongorest,0,ci/circleci,Circle CI
mbj/anima,0,ci/circleci,Circle CI
mbj/morpher,0,ci/circleci,Circle CI
playpauseandstop/rororo,0,ci/circleci,Circle CI
relekang/django-nopassword,0,ci/circleci,Circle CI
Clever/clever-python,0,ci/circleci,Circle CI
locomote/gusteau,0,ci/circleci,Circle CI
andresriancho/w3af,0,ci/circleci,Circle CI
rdunlop/unicycling-registration,0,ci/circleci,Circle CI
Lugribossk/dropwizard-experiment,0,ci/circleci,Circle CI
sjlu/cities,0,ci/circleci,Circle CI
SCPR/outpost,0,ci/circleci,Circle CI
jugglingdb/redis-hq-adapter,0,ci/circleci,Circle CI
stojg/crop,0,ci/circleci,Circle CI
TTTAttributedLabel/TTTAttributedLabel,0,ci/circleci,Circle CI
mbj/unparser,0,ci/circleci,Circle CI
octoly/youtube,0,ci/circleci,Circle CI
thoughtworks/pacto,0,ci/circleci,Circle CI
nerdishbynature/GitlabIssues,0,ci/circleci,Circle CI
jmdobry/angular-cache,0,ci/circleci,Circle CI
skyglobal/web-toolkit,0,ci/circleci,Circle CI
pbrisbin/aurget,0,ci/circleci,Circle CI
mbj/devtools,0,ci/circleci,Circle CI
splinesoft/SSDataSources,0,ci/circleci,Circle CI
hailocab/goamz,0,ci/circleci,Circle CI
RITAccess/accessmath,0,ci/circleci,Circle CI
osiam/connector4java,0,ci/circleci,Circle CI
osiam/scim-schema,0,ci/circleci,Circle CI
tknerr/sample-toplevel-cookbook,0,ci/circleci,Circle CI
osiam/connector4java-integration-tests,0,ci/circleci,Circle CI
Clever/clever-go,0,ci/circleci,Circle CI
splinesoft/SSAppURLs,0,ci/circleci,Circle CI
masih/gauge,0,ci/circleci,Circle CI
splinesoft/SSPreferredBrowser,0,ci/circleci,Circle CI
rdunlop/unicycling-rulebook,0,ci/circleci,Circle CI
silexlabs/Silex,0,ci/circleci,Circle CI
keichi/binary-parser,0,ci/circleci,Circle CI
splinesoft/SSAccessibility,0,ci/circleci,Circle CI
akerl/blog,0,ci/circleci,Circle CI
akerl/githubchart,0,ci/circleci,Circle CI
akerl/scoreboard,0,ci/circleci,Circle CI
kazupon/vue-validator,0,ci/circleci,Circle CI
UltrosBot/Ultros-site,0,ci/circleci,Circle CI
bluecap-se/yarr,0,ci/circleci,Circle CI
js-data/js-data-angular,0,ci/circleci,Circle CI
Financial-Times/o-ft-icons,0,ci/circleci,Circle CI
nkt/gulp-serve,0,ci/circleci,Circle CI
splinesoft/SSBuild,0,ci/circleci,Circle CI
Financial-Times/o-gallery,0,ci/circleci,Circle CI
goldstar/blackbeard,0,ci/circleci,Circle CI
baminteractive/express-ipfilter,0,ci/circleci,Circle CI
CognitionGuidedSurgery/msml,0,ci/circleci,Circle CI
mapzen/speakerbox,0,ci/circleci,Circle CI
seanoshea/BluePlaquesLondon-Android,0,ci/circleci,Circle CI
mikeerickson/gulp-codeception,0,ci/circleci,Circle CI
mikeerickson/gulp-phpspec,0,ci/circleci,Circle CI
mikeerickson/gulp-phpunit,0,ci/circleci,Circle CI
osiam/addon-self-administration,0,ci/circleci,Circle CI
frankiesardo/auto-parcel,0,ci/circleci,Circle CI
ENSL/ensl.org,0,ci/circleci,Circle CI
akerl/taskit,0,ci/circleci,Circle CI
18F/C2,0,ci/circleci,Circle CI
pelias/pelias-android-sdk,0,ci/circleci,Circle CI
mapzen/chef-metroextractor,0,ci/circleci,Circle CI
ngaut/gearmand,0,ci/circleci,Circle CI
osiam/examples,0,ci/circleci,Circle CI
TheKevJames/packtex,0,ci/circleci,Circle CI
kazupon/vue-i18n,0,ci/circleci,Circle CI
28msec/zorba,0,ci/circleci,Circle CI
js-data/js-data-angular-mocks,0,ci/circleci,Circle CI
clemble/clemble-casino-public,0,ci/circleci,Circle CI
AntennaPod/AntennaPod,0,ci/circleci,Circle CI
zakangelle/ical-date-parser,0,ci/circleci,Circle CI
tutumcloud/boatyard,0,ci/circleci,Circle CI
sjlu/node-relateiq,0,ci/circleci,Circle CI
gfx/gradle-android-ribbonizer-plugin,0,ci/circleci,Circle CI
spotify/helios,0,ci/circleci,Circle CI
recursecenter/community,0,ci/circleci,Circle CI
akerl/onetimedownload,0,ci/circleci,Circle CI
vigetlabs/sprig-reap,0,ci/circleci,Circle CI
willnet/revenger,0,ci/circleci,Circle CI
osiam/addon-administration,0,ci/circleci,Circle CI
henrik/remit,0,ci/circleci,Circle CI
davidrapson/cardtype,0,ci/circleci,Circle CI
NuCivic/open_data_schema_map,0,ci/circleci,Circle CI
mikeerickson/gulp-behat,0,ci/circleci,Circle CI
anticoders/gagarin,0,ci/circleci,Circle CI
o19s/splainer,0,ci/circleci,Circle CI
apendua/meteor-amd-manager,0,ci/circleci,Circle CI
calmh/xdr,0,ci/circleci,Circle CI
cptactionhank/docker-atlassian-confluence,0,ci/circleci,Circle CI
kevinbirch/kanabo,0,ci/circleci,Circle CI
nwjsmith/thumbtack,0,ci/circleci,Circle CI
tregusti/jscs-angular,0,ci/circleci,Circle CI
Jleagle/packagist-api-client,0,ci/circleci,Circle CI
posva/dominion,0,ci/circleci,Circle CI
js-data/js-data-schema,0,ci/circleci,Circle CI
js-data/js-data-firebase,0,ci/circleci,Circle CI
js-data/js-data-http,0,ci/circleci,Circle CI
js-data/js-data-localstorage,0,ci/circleci,Circle CI
gabidavila/gabriela.io,0,ci/circleci,Circle CI
osiam/addon-self-administration-plugin-api,0,ci/circleci,Circle CI
osiam/shell,0,ci/circleci,Circle CI
js-data/js-data-localforage,0,ci/circleci,Circle CI
crossroads/api.goodcity,0,ci/circleci,Circle CI
cptactionhank/docker-atlassian-stash,0,ci/circleci,Circle CI
js-data/js-data-rethinkdb,0,ci/circleci,Circle CI
quantmind/giotto,0,ci/circleci,Circle CI
taizilongxu/douban.fm,0,ci/circleci,Circle CI
showwin/FC2-Play,0,ci/circleci,Circle CI
matthew-andrews/haikro,0,ci/circleci,Circle CI
akerl/committed,0,ci/circleci,Circle CI
usmu/usmu,0,ci/circleci,Circle CI
usmu/usmu-s3,0,ci/circleci,Circle CI
birgitta410/gocd-api,0,ci/circleci,Circle CI
splinesoft/Bequest,0,ci/circleci,Circle CI
uchida/alfred-switch-bluetooth,0,ci/circleci,Circle CI
uchida/alfred-switch-vpn,0,ci/circleci,Circle CI
28msec/www.secxbrl.info,0,ci/circleci,Circle CI
bigdatr/elephas,0,ci/circleci,Circle CI
mitsuse/perceptron-go,0,ci/circleci,Circle CI
spring-cloud/spring-cloud-commons,0,ci/circleci,Circle CI
dial-once/node-dom-extractor,0,ci/circleci,Circle CI
CenturyLinkLabs/clcgo,0,ci/circleci,Circle CI
steelbrain/Atom-Hack,0,ci/circleci,Circle CI
rnorth/duct-tape,0,ci/circleci,Circle CI
lanetix/generator-lanetix-microservice,0,ci/circleci,Circle CI
rcsole/gulp-cordova,0,ci/circleci,Circle CI
jasonsjones/doubly-linked-list,0,ci/circleci,Circle CI
jasonsjones/singly-linked-list,0,ci/circleci,Circle CI
timdp/es6-promise-pool,0,ci/circleci,Circle CI
tg/httpzip,0,ci/circleci,Circle CI
jasonsjones/queue-fifo,0,ci/circleci,Circle CI
codius/montecarlo,0,ci/circleci,Circle CI
UniversityRadioYork/heimdallr,0,ci/circleci,Circle CI
jessamynsmith/eggtimer-server,0,ci/circleci,Circle CI
jessamynsmith/paragres,0,ci/circleci,Circle CI
jessamynsmith/pipreq,0,ci/circleci,Circle CI
poteto/ember-cli-flash,0,ci/circleci,Circle CI
ministryofjustice/vis,0,ci/circleci,Circle CI
louy/debounce,0,ci/circleci,Circle CI
nkt/react-flexgrid,0,ci/circleci,Circle CI
zacwest/ZSWTaggedString,0,ci/circleci,Circle CI
layerhq/Atlas-iOS,0,ci/circleci,Circle CI
grounds/grounds-images,0,ci/circleci,Circle CI
meteor-space/messaging,0,ci/circleci,Circle CI
splinesoft/SPLUserActivity,0,ci/circleci,Circle CI
login-box/login-box,0,ci/circleci,Circle CI
krzysztof/pagmo,0,ci/circleci,Circle CI
yolothreat/utilitybelt,0,ci/circleci,Circle CI
vsoch/pybraincompare,0,ci/circleci,Circle CI
alexdesignworks/dcr,0,ci/circleci,Circle CI
jcouyang/orgpress,0,ci/circleci,Circle CI
wordpress-mobile/WordPress-iOS,0,Buddybuild : WordPress/57a120bbe0f5520100e11c19,Buddybuild CI
sirkirby/raygun.diagnostics,0,buddy/pipeline/Build `develop` and deploy to Myget,Buddybuild CI
berenm/xoreos,0,continuous-integration/appveyor/branch,AppVeyor CI
WPN-XM/server-control-panel,0,continuous-integration/appveyor/branch,AppVeyor CI
adamralph/liteguard,0,continuous-integration/appveyor/branch,AppVeyor CI
ctaggart/SourceLink,0,continuous-integration/appveyor/branch,AppVeyor CI
soonhokong/lean,0,continuous-integration/appveyor/branch,AppVeyor CI
giacomelli/GeneticSharp,0,continuous-integration/appveyor/branch,AppVeyor CI
CoderLine/alphaTab,0,continuous-integration/appveyor/branch,AppVeyor CI
NikolayIT/OpenJudgeSystem,0,continuous-integration/appveyor/branch,AppVeyor CI
Elders/Cronus,0,continuous-integration/appveyor/branch,AppVeyor CI
JDCofficial/songator,0,continuous-integration/appveyor/branch,AppVeyor CI
grzesiek-galezowski/tdd-toolkit,0,continuous-integration/appveyor/branch,AppVeyor CI
arnaudsylvestre/netaspect,0,continuous-integration/appveyor/branch,AppVeyor CI
Lomeli12/LomLib,0,continuous-integration/appveyor/branch,AppVeyor CI
Walkman100/TSGE,0,continuous-integration/appveyor/branch,AppVeyor CI
AlienEngineer/VirtualObjects,0,continuous-integration/appveyor/branch,AppVeyor CI
NemeStats/NemeStats,0,continuous-integration/appveyor/branch,AppVeyor CI
OxideMod/OxidePatcher,0,continuous-integration/appveyor/branch,AppVeyor CI
ColinDuquesnoy/MellowPlayer,0,continuous-integration/appveyor/branch,AppVeyor CI
pauldambra/ModulusChecker,0,continuous-integration/appveyor/branch,AppVeyor CI
ArcticEcho/Phamhilator,0,continuous-integration/appveyor/branch,AppVeyor CI
codacy/node-codacy-coverage,0,continuous-integration/appveyor/branch,AppVeyor CI
ArcticEcho/ChatExchange.Net,0,continuous-integration/appveyor/branch,AppVeyor CI
ArcticEcho/Wav.Net,0,continuous-integration/appveyor/branch,AppVeyor CI
T-Alex/MathCore,0,continuous-integration/appveyor/branch,AppVeyor CI
T-Alex/SEOStats,0,continuous-integration/appveyor/branch,AppVeyor CI
resin-io/resin-cli,0,continuous-integration/appveyor/branch,AppVeyor CI
adamreeve/semver.net,0,continuous-integration/appveyor/branch,AppVeyor CI
dhoer/chef-windows_home,0,continuous-integration/appveyor/branch,AppVeyor CI
themotleyfool/AspNet.WebApi.HtmlMicrodataFormatter,0,continuous-integration/appveyor,AppVeyor CI
gabrielmtzcarrillo/SteamtradeBot,0,continuous-integration/appveyor,AppVeyor CI
Nocte-/hexanoise,0,continuous-integration/appveyor,AppVeyor CI
CamiloMM/avisynth,0,continuous-integration/appveyor,AppVeyor CI
wallymathieu/NHibernate.Caches.StackExchange.Redis,0,continuous-integration/appveyor,AppVeyor CI
tobscher/rts,0,continuous-integration/appveyor,AppVeyor CI
roadkillwiki/roadkill,0,VSTS: roadkill-roadkill,No CI
mesosphere/universe,0,Universe Server Docker image,No CI
jenkinsci/gitlab-plugin,0,Tidelift,No CI
ReactiveCocoa/RockemSockem,0,RockemSockem,No CI
github/Rebel,0,Rebel,No CI
ReactiveCocoa/ReactiveCocoaLayout,0,ReactiveCocoaLayout,No CI
kaspernj/simple_form_ransack,0,PeakFlow,No CI
overturetool/overture,0,overture-master,No CI
Nincodedo/Nincrafty-Things,0,Nincrafty Things,No CI
lemonde/middlebot-bookshelf,0,middlebot-bookshelf-test-branches,No CI
irazasyed/laravel-identicon,0,License Compliance,No CI
ligi/PassAndroid,0,kontinuum/assemble,No CI
ligi/FAST,0,kontinuum/assemble,No CI
ligi/SatoshiProof,0,kontinuum/assemble,No CI
NamelessCoder/gizzle-typo3-plugins,0,gizzle-typo3-plugins/PHP=5.6,No CI
NamelessCoder/gizzle-git-plugins,0,gizzle-git-plugins/PHP=5.3,No CI
FluidTYPO3/fluidtypo3-gizzle,0,FluidTYPO3/fluidtypo3-gizzle-gizzle-build-1,No CI
Sylius/SyliusSalesBundle,0,default,No CI
basho/ebloom,0,default,No CI
smarchive/puppet-cassandra,0,default,No CI
TheSerapher/chef-roundcube,0,default,No CI
crawljax/crawljax,0,default,No CI
smarchive/puppet-tayu,0,default,No CI
smarchive/puppet-rundeck,0,default,No CI
samplecount/methcla,0,default,No CI
evantahler/couchqueue,0,default,No CI
juposocial/jupo,0,default,No CI
jwieringa/AllIncomeFoods,0,default,No CI
jcdenton/chess-tournament,0,default,No CI
eman1986/elite-bulletin-board,0,default,No CI
nvbn/coviolations_web,0,default,No CI
Fattr/fattr,0,default,No CI
it-workshop/caroline,0,default,No CI
matthew-andrews/offline-news-api,0,default,No CI
sferik/mtgox,1,,No CI
jarib/ffi-xattr,1,,No CI
bkzl/lrug.pl,1,,No CI
avsej/couchbase-ruby-client,1,,No CI
liufengyun/jobsworth,1,,No CI
ro-ka/node-500px,1,,No CI
highfidelity/fake_braintree,1,,No CI
trq/proem,1,,No CI
coyled/sras,1,,No CI
dpsk/nikalyuk.in,1,,No CI
DavertMik/Codeception,1,,No CI
Sylius/SyliusAddressingBundle,1,,No CI
finn-no/maven_pom,1,,No CI
ddeboer/DdeboerDataImportBundle,1,,No CI
sonata-project/sandbox,1,,No CI
forrest/prawnto,1,,No CI
Sylius/SyliusPricingBundle,1,,No CI
jordansissel/ruby-cabin,1,,No CI
asaaki/mongoid_upk,1,,No CI
noisebleed/SmartyBundle,1,,No CI
emboss/krypt,1,,No CI
jordansissel/ruby-ftw,1,,No CI
rap1ds/dippa,1,,No CI
bclozel/springmvc-router,1,,No CI
victorenator/http-link,1,,No CI
ryanycoleman/rcoleman-mac_profiles_handler,1,,No CI
kyrylo/patience,1,,No CI
example42/puppet-modules-nextgen,1,,No CI
example42/puppet-jenkins,1,,No CI
jlogsdon/acts_as_approvable,1,,No CI
ojii/pymaging,1,,No CI
talios/halbuilder,1,,No CI
jkozlowski/eugene,1,,No CI
javafunk/funk,1,,No CI
christkv/node-mongodb-native,1,,No CI
peterbourgon/diskv,1,,No CI
faceleg/PHP-Socializer,1,,No CI
ffeldhaus/rOCCI,1,,No CI
liamcurry/passport-steam,1,,No CI
pulse00/Json-Eclipse-Plugin,1,,No CI
Sylius/SyliusCartBundle,1,,No CI
dlsniper/DoctrineBundle,1,,No CI
jricher/OpenID-Connect-Java-Spring-Server,1,,No CI
aaugustin/django-resto,1,,No CI
matthew-brett/formula,1,,No CI
sbisbee/sag,1,,No CI
sbisbee/sag-js,1,,No CI
sfermigier/yaka-crm,1,,No CI
jmervine/locked-forker,1,,No CI
oyepez003/YepsuaSmarTwigBundle,1,,No CI
davesloan/restful_api_authentication,1,,No CI
juzna/nette,1,,No CI
niklasf/git-rebase-patch,1,,No CI
michaelsbradleyjr/node-clojurescript,1,,No CI
chrismanderson/feed_engine,1,,No CI
nodesagency/Platform-Crud-Plugin,1,,No CI
bantu/phpseclib,1,,No CI
pyjs/pyjs,1,,No CI
tdburke/eventsource,1,,No CI
missinglink/mongrel2-php,1,,No CI
CarloMicieli/trenako,1,,No CI
fuelphp/fuelphp,1,,No CI
basho/eleveldb,1,,No CI
Behat/CommonFormatters,1,,No CI
shoes/shoesrb.com,1,,No CI
AbleTech/neat-complete,1,,No CI
DDMAL/libmei,1,,No CI
mongodb/mongo-csharp-driver,1,,No CI
puppetlabs/puppetlabs-razor,1,,No CI
jcoglan/terminus,1,,No CI
sunlightlabs/realtimecongress,1,,No CI
cloudfoundry/java-buildpack-auto-reconfiguration,1,,No CI
cloudfoundry/cf-java-client,1,,No CI
cloudfoundry/warden,1,,No CI
pmclanahan/scrumbugz,1,,No CI
carlosmn/pygit2,1,,No CI
piecioshka/pklib.js,1,,No CI
plone/plone.app.relationfield,1,,No CI
plone/Products.PlonePAS,1,,No CI
ZF-Commons/ZfcUser,1,,No CI
ZF-Commons/ZfcBase,1,,No CI
ZF-Commons/ZfcTwig,1,,No CI
otwartezabytki/otwartezabytki,1,,No CI
derks/boss,1,,No CI
fengmk2/nodebox,1,,No CI
alohaeditor/Aloha-Editor,1,,No CI
Sylius/SyliusInventoryBundle,1,,No CI
Sylius/SyliusTaxationBundle,1,,No CI
Sylius/SyliusFlowBundle,1,,No CI
plone/plone.app.theming,1,,No CI
plone/plone.app.collection,1,,No CI
plone/plone.app.contenttypes,1,,No CI
plone/plone.formwidget.captcha,1,,No CI
middleman/middleman-livereload,1,,No CI
josh/css-explain,1,,No CI
philipsoutham/py-mysql2pgsql,1,,No CI
advanced-js/syllabus,1,,No CI
davehunt/bidpom,1,,No CI
openSUSE/popcorn,1,,No CI
webignition/http-client,1,,No CI
lizardsystem/lizard-ui,1,,No CI
lizardsystem/lizard-wms,1,,No CI
inglor/Anki-Android,1,,No CI
MiniGod/node-gbxremote,1,,No CI
manuelvanrijn/jquery-numeric_input,1,,No CI
erivello/php-github-api,1,,No CI
SUSE-Cloud/barclamp-ceph,1,,No CI
tjdett/mytardis,1,,No CI
mfa/weight-app,1,,No CI
blakevanlan/restless,1,,No CI
fransua/ecolopy,1,,No CI
binocarlos/telegraft,1,,No CI
jhaals/python-filebutler,1,,No CI
ayust/evelink,1,,No CI
scholarslab/TeiDisplay,1,,No CI
charliesome/slash,1,,No CI
uvalib/tracksys,1,,No CI
example42/puppet-firewall,1,,No CI
example42/puppet-foreman,1,,No CI
example42/puppet-haproxy,1,,No CI
example42/puppet-icinga,1,,No CI
example42/puppet-libvirt,1,,No CI
example42/puppet-munin,1,,No CI
example42/puppet-nagios,1,,No CI
example42/puppet-ntp,1,,No CI
example42/puppet-openntpd,1,,No CI
example42/puppet-openssh,1,,No CI
example42/puppet-openvpn,1,,No CI
example42/puppet-orientdb,1,,No CI
example42/puppet-puppetdashboard,1,,No CI
example42/puppet-puppetdb,1,,No CI
example42/puppet-redis,1,,No CI
example42/puppet-rsync,1,,No CI
example42/puppet-solr,1,,No CI
example42/puppet-splunk,1,,No CI
example42/puppet-tftp,1,,No CI
example42/puppet-vsftpd,1,,No CI
example42/puppet-wordpress,1,,No CI
example42/puppet-xinetd,1,,No CI
ShogunPanda/akaer,1,,No CI
BeSimple/BeSimpleSoapCommon,1,,No CI
kewisch/ical.js,1,,No CI
mozilla-b2g/gaia-email-libs-and-more,1,,No CI
mozilla-b2g/b2g-manifest,1,,No CI
emergent-interfaces/connie,1,,No CI
desht/dhutils,1,,No CI
mbj/to_source,1,,No CI
yadt/hostexpand,1,,No CI
frosas/spotify-to-mp3,1,,No CI
jaredly/codetalker,1,,No CI
deniscostadsc/playground,1,,No CI
alphalemon/BusinessCarouselBundle,1,,No CI
streamio/streamio-ffmpeg,1,,No CI
dtulibrary/toshokan,1,,No CI
niccholaspage/Fe,1,,No CI
leizongmin/tinyliquid,1,,No CI
jigoshop/jigoshop,1,,No CI
holgero/XFD,1,,No CI
kkinnebrew/clementine,1,,No CI
npr/responsiveiframe,1,,No CI
jgm/highlighting-kate,1,,No CI
alphagov/trade-tariff-backend,1,,No CI
alphagov/trade-tariff-frontend,1,,No CI
mattpowell/inject,1,,No CI
jdavisonc/ftp-common,1,,No CI
CustomScripts/CSCoreBundle,1,,No CI
bcachet/cpp_template,1,,No CI
Iheartweb/Lu,1,,No CI
bsaunder/JEE6DiveLog,1,,No CI
DeathShadow/Contra,1,,No CI
laterpay/django-flows,1,,No CI
henryyan/kft-activiti-demo,1,,No CI
groovecoder/kuma,1,,No CI
MoOx/moox.github.io,1,,No CI
andrewpthorp/andrewthorp.com,1,,No CI
rapidturtle/com-rapidturtle-www,1,,No CI
vojtajina/grunt-bump,1,,No CI
gjerokrsteski/php-to-extjs-types-builder,1,,No CI
mhemesath/r2d3,1,,No CI
spoofifyapp/spoofify,1,,No CI
kissyteam/kissy,1,,No CI
rsdoiel/extractor-js,1,,No CI
rsdoiel/tbone,1,,No CI
elf-pavlik/sharetribe,1,,No CI
plq/spyne,1,,No CI
CubeIsland/AntiGuest,1,,No CI
CubeIsland/libMinecraft,1,,No CI
elastic/logstash-forwarder,1,,No CI
hawaii-desktop/hawaii-system-preferences,1,,No CI
northern-bites/nbites,1,,No CI
jodal/mopidy,1,,No CI
jodal/pyspotify,1,,No CI
rymate1234/bChatManager,1,,No CI
rymate1234/bPermissions,1,,No CI
SciLifeLab/bcbb,1,,No CI
bueltge/Documentation,1,,No CI
couchbaselabs/cbfs,1,,No CI
bengler/snowball,1,,No CI
shane-tomlinson/node-font-face-generator,1,,No CI
tierra/wordpress,1,,No CI
euphorie/osha.oira,1,,No CI
hawaii-desktop/hawaii,1,,No CI
themotleyfool/Lucene.Net.Linq,1,,No CI
krisrang/krisbb,1,,No CI
phrase/phrase,1,,No CI
instructure/moodle2cc,1,,No CI
MegafonWebLab/histone-java,1,,No CI
intuit/sdbport,1,,No CI
hako/googol-glados-simulator,1,,No CI
igorko/flare-game,1,,No CI
dch/couchdb,1,,No CI
Tactics/TableBundle,1,,No CI
frankdejonge/Poser,1,,No CI
scottferg/Fergulator,1,,No CI
Medium/matador,1,,No CI
rabbitmq/rabbitmq-tutorials,1,,No CI
getlantern/lantern-ui,1,,No CI
jehiah/nsq,1,,No CI
mreiferson/nsq,1,,No CI
howeyc/fsnotify,1,,No CI
QutBioacoustics/bioacoustic-workbench,1,,No CI
vigsterkr/shogun,1,,No CI
redu/untied,1,,No CI
TheFrozenFire/sapphire,1,,No CI
nisaacson/pdf-extract,1,,No CI
sopel/botocross,1,,No CI
androrm/androrm,1,,No CI
SimonVT/android-menudrawer,1,,No CI
composer/windows-setup,1,,No CI
lonnen/socorro,1,,No CI
ariya/grunt-jsvalidate,1,,No CI
dustin/bitfog,1,,No CI
dustin/frames,1,,No CI
dustin/gitmirror,1,,No CI
dustin/go-aprs,1,,No CI
dustin/go-coap,1,,No CI
dustin/go-heatmap,1,,No CI
dustin/go-jsonpointer,1,,No CI
dustin/go-nntp,1,,No CI
dustin/go-wikiparse,1,,No CI
dustin/go-rs232,1,,No CI
eLocal/rain,1,,No CI
hasgeek/zalebi,1,,No CI
cthiebaud/abendrot,1,,No CI
kelonye/ember-validate,1,,No CI
locked-fg/JFeatureLib,1,,No CI
spiffyjr/spiffy-navigation,1,,No CI
change/hobson,1,,No CI
beijing-rubyist/bjrubyist,1,,No CI
tempodb/tempodb-net,1,,No CI
makandra/spreewald,1,,No CI
stiancor/twittosocial,1,,No CI
bloomberg/bde,1,,No CI
EchoAppsTeam/js-sdk,1,,No CI
descl/ZONE,1,,No CI
necromant2005/gearman-stats,1,,No CI
colbyr/chesster,1,,No CI
surajcm/Poseidon,1,,No CI
jayphelps/hector,1,,No CI
danmichaelo/UKBot,1,,No CI
locked-fg/JFeatureLib-Demo,1,,No CI
att-cloud/cookbook-swap,1,,No CI
peterbourgon/elasticsearch,1,,No CI
willcrichton/sevenwonders,1,,No CI
forge/core,1,,No CI
mybuddymichael/pg-dashboard,1,,No CI
dryade/chouette2,1,,No CI
dryade/chouette,1,,No CI
example42/puppet-django,1,,No CI
example42/puppet-freeradius,1,,No CI
example42/puppet-heartbeat,1,,No CI
example42/puppet-logstash,1,,No CI
example42/puppet-mcollective,1,,No CI
example42/puppet-pentaho,1,,No CI
example42/puppet-rsyslog,1,,No CI
example42/puppet-sendmail,1,,No CI
example42/puppet-snmpd,1,,No CI
example42/puppet-tinc,1,,No CI
example42/puppet-vagrant,1,,No CI
example42/puppet-vim,1,,No CI
wikimedia/mediawiki-extensions-SemanticMediaWiki,1,,No CI
wikimedia/mediawiki-extensions-Validator,1,,No CI
ssato/rpmkit,1,,No CI
komidore64/dotfiles,1,,No CI
tim-group/orc,1,,No CI
simoncoulton/watson,1,,No CI
concordusapps/python-saml,1,,No CI
axemblr/axemblr-provisionr,1,,No CI
jcarvalho/fenix-framework,1,,No CI
lmorchard/badg.us,1,,No CI
NetEase/pomelo-rpc,1,,No CI
mtvn-player/embed-api,1,,No CI
wuakitv/strike,1,,No CI
Sylius/SyliusSettingsBundle,1,,No CI
jonlong/node-up,1,,No CI
serverdensity/puppetlabs-nginx,1,,No CI
gikoluo/SinaweiboBundle,1,,No CI
kylehayes/fpoimg,1,,No CI
IP7/Website,1,,No CI
mcMMO-Dev/mcMMO,1,,No CI
jburel/openmicroscopy,1,,No CI
imarc/anchor,1,,No CI
dnemoga/Backbone.Schema,1,,No CI
metakeule/dispatch,1,,No CI
metakeule/goh4,1,,No CI
krautcomputing/viglink,1,,No CI
rampantmonkey/oryx,1,,No CI
ushahidi/Ushahidi_Java,1,,No CI
ushahidi/SwiftRiver-API,1,,No CI
JohnDoee/tidalstream-apiserver,1,,No CI
InfinitumFramework/Infinitum-Core,1,,No CI
mbj/inflecto,1,,No CI
atados/api,1,,No CI
oczkers/pypremium,1,,No CI
Farata/EnterpriseWebBook_sources,1,,No CI
conradz/build-css,1,,No CI
FasterXML/jackson-module-afterburner,1,,No CI
FasterXML/jackson-dataformat-protobuf,1,,No CI
ging/fi-ware-idm-deprecated,1,,No CI
casidiablo/groundy,1,,No CI
kelonye/ember-ckedit,1,,No CI
metakeule/typeconverter,1,,No CI
geetarista/fondu,1,,No CI
buchuki/gitifyhg,1,,No CI
SYNHAK/spiff,1,,No CI
asakusarb/oedo03,1,,No CI
mamor/fuel-dbdocs,1,,No CI
eisental/RedstoneChips,1,,No CI
hansode/ruby-1.9.3-rpm-box,1,,No CI
isao/bbjshint,1,,No CI
G5/picture_tag-rails,1,,No CI
JasonMillward/Autorippr,1,,No CI
canercandan/dim,1,,No CI
cgoldberg/linux-metrics,1,,No CI
aruld/jersey2-jetty-connector,1,,No CI
ReviewSite/ReviewSite,1,,No CI
jcooky/mina-thrift,1,,No CI
mozilla/gcli,1,,No CI
pabo3000/collective.downloadtracker,1,,No CI
mwillbanks/MwCommon,1,,No CI
mwillbanks/ZfcTwitterBootstrap,1,,No CI
Svenito/usblock,1,,No CI
huseyinyilmaz/talkybee,1,,No CI
WebReflection/gitstrap,1,,No CI
alexec/maven-vbox-plugin,1,,No CI
alexec/script-maven-plugin,1,,No CI
javanna/elasticshell,1,,No CI
dustin/go-broadcast,1,,No CI
gophertown/gat,1,,No CI
helgee/plyades,1,,No CI
cultuurnet/culturefeed,1,,No CI
flame-org/Doctrine,1,,No CI
hughfdjackson/immutable,1,,No CI
tbroyer/promises,1,,No CI
horaceli/bizwebsys,1,,No CI
cshc/cshc_website,1,,No CI
f0y/due_date_reminder,1,,No CI
culturegraph/metafacture-mediawiki,1,,No CI
paultag/hy,1,,No CI
mbj/concord,1,,No CI
example42/puppet-exim,1,,No CI
grisu/grisu,1,,No CI
flixel-gdx/flixel-gdx,1,,No CI
mozilla-services/heka-raven,1,,No CI
culturegraph/metafacture-sql,1,,No CI
sanpii/spore,1,,No CI
schmurfy/as,1,,No CI
awesomekyle/math,1,,No CI
ShadowDog007/MobManager,1,,No CI
Tout/trubl,1,,No CI
jakoch/php-hhvm,1,,No CI
johnkrovitch/unRaMaLaK,1,,No CI
ozzyfant/Skies,1,,No CI
Standard8/talkilla,1,,No CI
gaillard/mongo-queue-csharp,1,,No CI
gaillard/mongo-queue-php,1,,No CI
greenbird/mule-access-log,1,,No CI
susant123/ariatemplates,1,,No CI
harbour/core,1,,No CI
Di3mex/ExtraHardMode,1,,No CI
Sylius/SyliusMoneyBundle,1,,No CI
lorenwest/monitor-min,1,,No CI
PSDev/LicensesDialog,1,,No CI
floatdrop/Aux,1,,No CI
RobertWHurst/LucidJS,1,,No CI
PSDev/slf4j-android-logger,1,,No CI
odesk/python-odesk,1,,No CI
PSDev/async-otto,1,,No CI
tusharm/WebStub,1,,No CI
ktmud/weixin-robot-example,1,,No CI
jcw/housemon,1,,No CI
example42/puppet-mongodb,1,,No CI
getvero/vero,1,,No CI
camunda/camunda-bpm-platform,1,,No CI
zetta/MenuBundle,1,,No CI
grampajoe/grunt-qunit-zombie,1,,No CI
codeforamerica/airwolf,1,,No CI
Shade-/MyFacebook-Connect,1,,No CI
alvagante/puppet-exported_vars,1,,No CI
tansaku/LocalSupport,1,,No CI
CubeEngine/core,1,,No CI
koansys/isat,1,,No CI
dwaynemac/logical_model,1,,No CI
openhealthcare/randomise.me,1,,No CI
Unicon/unicon-shibboleth-idp-template,1,,No CI
gorgias/gorgias-chrome,1,,No CI
caseywebdev/herit,1,,No CI
IntersectAustralia/hcsvlab,1,,No CI
Block8/b8framework,1,,No CI
osulibraries/DSpace,1,,No CI
transmart/transmartApp,1,,No CI
balazsgrill/mcp2200,1,,No CI
balazsgrill/modembed,1,,No CI
cytoscape/cytoscape-api,1,,No CI
idekerlab/cyREST,1,,No CI
devlab-oy/sepa,1,,No CI
sebdah/dynamic-dynamodb,1,,No CI
firebase/firebase-simple-login,1,,No CI
lmmendes/colombo,1,,No CI
sue445/activerecord-turntable,1,,No CI
t32k/maple,1,,No CI
opfo/app,1,,No CI
codefordc/ancfinder,1,,No CI
inaes-tic/mbc-tetra,1,,No CI
AlexRNL/Commons,1,,No CI
axw/gocov,1,,No CI
uckelman/liblightgrep,1,,No CI
example42/puppet-elasticsearch,1,,No CI
example42/puppet-unicorn,1,,No CI
l2yao/Iching,1,,No CI
willfarrell/angular-io-app,1,,No CI
wikidi/logviewer,1,,No CI
saebekassebil/teoria,1,,No CI
robotics-in-concert/rocon_multimaster,1,,No CI
penultimatix/reel,1,,No CI
tribal-tec/Equalizer,1,,No CI
BlueBrain/dash,1,,No CI
BlueBrain/codash,1,,No CI
tribal-tec/Collage,1,,No CI
tribal-tec/Lunchbox,1,,No CI
chrl/webspring,1,,No CI
abma/springlobby,1,,No CI
getlantern/www.getlantern.org,1,,No CI
pdef/pdef,1,,No CI
stof/MinkSelenium2Driver,1,,No CI
example42/puppet-graylog2,1,,No CI
example42/puppet-pam,1,,No CI
Ecotrust/geosurvey,1,,No CI
knowitall/openregex,1,,No CI
toomasr/skype-bot,1,,No CI
hypoport/twitterwall,1,,No CI
HackThis/NexBot,1,,No CI
HackThis/hackthis.co.uk,1,,No CI
stefankendall/Big-Lifts-2,1,,No CI
cloudfoundry/java-buildpack,1,,No CI
bacongobbler/nodejs-locomotive-boilerplate,1,,No CI
origamitower/specify-reporter-tap,1,,No CI
the-teacher/the_role,1,,No CI
DynamoMTL/spree_chimpy,1,,No CI
NeuroML/org.neuroml.visualiser,1,,No CI
kyledrake/coinpunk,1,,No CI
deacons/TDA-Planner,1,,No CI
jone/github-watchlist,1,,No CI
BlueBrain/DisplayCluster,1,,No CI
lesjames/breakpoint,1,,No CI
bit51/Better-WP-Security,1,,No CI
wangym/android-common,1,,No CI
nathany/looper,1,,No CI
gammasoft/ie,1,,No CI
Livefyre/streamhub-wall,1,,No CI
dalekjs/dalek-browser-phantomjs,1,,No CI
wp-repository/wpmu-plugin-stats,1,,No CI
wp-repository/wpmu-plugin-manager,1,,No CI
SkPhilipp/SchemaForms,1,,No CI
alisdair/conditions,1,,No CI
gammasoft/brasil,1,,No CI
escortkeel/k-os,1,,No CI
paymill/paymill-php,1,,No CI
SilexLab/Silex,1,,No CI
brainopia/cassandra-flow,1,,No CI
metakeule/meta,1,,No CI
spiffyjr/spiffy-user,1,,No CI
badges/cocoapod-badges,1,,No CI
yasuoza/dotfiles,1,,No CI
example42/puppet-monit,1,,No CI
codereligion/diff,1,,No CI
suitcss/utils-offset,1,,No CI
Aaron1011/BrowserQuest,1,,No CI
varnamproject/libvarnam,1,,No CI
cityindex-attic/logsearch,1,,No CI
mozilla/minion-backend,1,,No CI
XTalandier/vboxmanager,1,,No CI
pinax/pinax-project-symposion,1,,No CI
Turbo87/xcsoar-data-repository,1,,No CI
Unitech/angular-bridge,1,,No CI
openeyes/OpenEyes,1,,No CI
KitwareMedical/ImageViewer,1,,No CI
tanem/skyline,1,,No CI
skyglobal/analytics,1,,No CI
neoascetic/programmer-competency-matrix,1,,No CI
Jimx-/lyos,1,,No CI
rmartinho/wheels,1,,No CI
sylva-foundation/ashtag,1,,No CI
phatblat/xcode-installer,1,,No CI
drtshock/PlayerVaults,1,,No CI
stevetrease/HomeMon,1,,No CI
awestruct/web-editor,1,,No CI
timsavage/jsrn,1,,No CI
cloudfoundry/java-test-applications,1,,No CI
libis/Flandrica,1,,No CI
libis/CRKC,1,,No CI
libis/cag_tools,1,,No CI
libis/euInside,1,,No CI
meteorhacks/npm,1,,No CI
rhyolight/experiments,1,,No CI
jens-na/packages,1,,No CI
rickychien/js-test-agent,1,,No CI
chilts/nice-route53,1,,No CI
zanata/zanata-server,1,,No CI
redhat-cip/edeploy,1,,No CI
wemakestuff/Teracast,1,,No CI
hellhound/whatsappclone,1,,No CI
changer/cmsplugin-twitter,1,,No CI
tanem/tweening-counter,1,,No CI
skyshaper/satq,1,,No CI
toddmotto/toddmotto.github.io,1,,No CI
kendo-labs/kendo-ui-forms,1,,No CI
michael-cannon/wordpress-starter,1,,No CI
rapid7-cookbooks/wavsep,1,,No CI
KnightOS/z80e,1,,No CI
rubyperu/ready4rails,1,,No CI
wr0ngway/qless-pool,1,,No CI
kpelykh/docker-java,1,,No CI
Saleslogix/argos-saleslogix,1,,No CI
Saleslogix/argos-sdk,1,,No CI
timothy-r/Schedule,1,,No CI
gdi2290/Reddit-Insight,1,,No CI
hasadna/OpenPension,1,,No CI
mruediger/llconf,1,,No CI
davetcoleman/baxter_cpp,1,,No CI
ingenieux/beanstalker,1,,No CI
thisandagain/semver,1,,No CI
adrianp/dotfiles,1,,No CI
attrib/RepairRecipe,1,,No CI
adjust/redismq,1,,No CI
pagseguro/woocommerce,1,,No CI
nosretep/Backbone.js-Node.js,1,,No CI
estatio/estatio,1,,No CI
giupo/pyodyssey,1,,No CI
demdxx/NSHelpers,1,,No CI
Axxiss/android-async-google-places,1,,No CI
disjukr/croquis.js,1,,No CI
MediaCrush/MediaCrush,1,,No CI
ReactiveCocoa/ReactiveViewModel,1,,No CI
TehRainbowGuy/PixelFace,1,,No CI
communitychair1/HVRawConnectorPHP,1,,No CI
SC5/grunt-boreless-boilerplate,1,,No CI
culturegraph/metafacture-mongodb,1,,No CI
brilliantbasics/calculators,1,,No CI
rixxi/user,1,,No CI
liebig/cron,1,,No CI
kmatzen/pydro,1,,No CI
lmullen/omeka_client,1,,No CI
menny/FrankenRobot,1,,No CI
AnySoftKeyboard/AnySoftKeyboard-API,1,,No CI
ostapneko/stld,1,,No CI
wolfeidau/queue-stream,1,,No CI
indradhanush/WebRTC-Monitor,1,,No CI
datagraph/libxsd,1,,No CI
olivierlesnicki/flight-transition,1,,No CI
seosamba/ecommerce-quote,1,,No CI
livestreet/livestreet,1,,No CI
cloudfoundry-community/jboss-buildpack,1,,No CI
ouchadam/fang,1,,No CI
WhiskChat/whiskchat-server,1,,No CI
camsys/oneclick,1,,No CI
ProjectMeshnet/nodeatlas,1,,No CI
projecthydra-labs/hydra-pbcore,1,,No CI
globocom/evostream,1,,No CI
minddust/bootstrap-progressbar,1,,No CI
example42/puppet-kibana,1,,No CI
Rod-Persky/pyIGES,1,,No CI
fex-team/webuploader,1,,No CI
thephpleague/color-extractor,1,,No CI
ALTree/bio-ensembl-rest,1,,No CI
Yoast/clicky,1,,No CI
RunestoneInteractive/skulpt,1,,No CI
michelboaventura/rgraph,1,,No CI
jasny/formbuilder,1,,No CI
hacklabr/timtec,1,,No CI
SkyWars/SkyWars,1,,No CI
maksbotan/solar,1,,No CI
msievers/badgerfish,1,,No CI
webwrite/inlinegui,1,,No CI
conradz/wd-tap-runner,1,,No CI
satellite-game/Satellite,1,,No CI
zensh/then.js,1,,No CI
Automattic/vip-quickstart,1,,No CI
conradz/sauce-tap-runner,1,,No CI
trepmal/add-image-sizes,1,,No CI
cloudfoundry/java-buildpack-dependency-builder,1,,No CI
FoxDev/FoxBot,1,,No CI
cybyd/cybyd,1,,No CI
XboxLeaders/XboxLiveAPI,1,,No CI
alexshepard/spimr,1,,No CI
conradz/chi-classes,1,,No CI
SteveyPugs/StephenPugliese-Blog,1,,No CI
conradz/flatten-list,1,,No CI
PatrickRose/bootstrapper,1,,No CI
oncletom/Imager.js,1,,No CI
Perlmint/glew-cmake,1,,No CI
ysugimoto/grunt-sprockets,1,,No CI
xiaohanyu/org-site,1,,No CI
lodash-archive/lodash-amd,1,,No CI
lodash-archive/lodash-node,1,,No CI
activenetwork/actv,1,,No CI
ShawONEX/wordpress-xmlrpc-client,1,,No CI
gaillard/filter-php,1,,No CI
GSA/hyabusa,1,,No CI
TheFox/html2markdown,1,,No CI
syleam/openerp-jasperserver,1,,No CI
smashwilson/azurefire,1,,No CI
alexec/thread-jiggler,1,,No CI
Devbootcamp/mentor-pairing,1,,No CI
rumpkernel-attic/rumprun-xen,1,,No CI
sanjoydesk/cygniteframework,1,,No CI
PaymentSuite/PaymentCoreBundle,1,,No CI
PaymentSuite/PaymillBundle,1,,No CI
wink/money-tree,1,,No CI
owlcs/jfact,1,,No CI
le-toan-mulodo/simple_blog,1,,No CI
melihucar/ftpclient,1,,No CI
aerostitch/firefox-sync-api-client-ruby-samples,1,,No CI
qucosa/qucosa-webapi,1,,No CI
rdrake/Molly,1,,No CI
joola/joola.io.analytics,1,,No CI
ligi/AXT,1,,No CI
ligi/gobandroid-ai-gnugo,1,,No CI
PaymentSuite/StripeBundle,1,,No CI
DirectMyFile/JPower,1,,No CI
JustBuild/Project-Axeman,1,,No CI
PayU/openpayu_php,1,,No CI
BtbN/vlc-htsp-plugin,1,,No CI
rbaumbach/ObjCDesignPatterns,1,,No CI
fabioz/Pydev,1,,No CI
pedroigor/picketlink,1,,No CI
picketlink/picketlink,1,,No CI
muan/emoji,1,,No CI
cotag/orbicular,1,,No CI
cotag/oauth-interceptor,1,,No CI
wimdu/who,1,,No CI
webpay/webpay-php,1,,No CI
adaptive-learning/geography,1,,No CI
atados/www,1,,No CI
karl963/BizInt,1,,No CI
sgrailways/giftidea,1,,No CI
grapefruitjs/grapefruit,1,,No CI
ictrobot/Open-Exchange,1,,No CI
Sylius/SyliusOrderBundle,1,,No CI
peutetre/generator-mobile-app,1,,No CI
mavdi/grunt-cucumberjs,1,,No CI
Sylius/SyliusPayumBundle,1,,No CI
oripa/oripa,1,,No CI
meiqimichelle/mhertzfeld,1,,No CI
flynn-archive/shelf,1,,No CI
btd/rufus,1,,No CI
dstroot/my_blog,1,,No CI
bartj3/NSDate-RelativeTime,1,,No CI
azu/SimpleUserDefaults,1,,No CI
Der-Eddy/Raspberry-Pi,1,,No CI
CoderLine/alphaSynth,1,,No CI
digitick/php-sepa-xml,1,,No CI
finnishtransportagency/digiroad2,1,,No CI
jeevatkm/ReplyWithHeader,1,,No CI
hideki-a/generator-skyward,1,,No CI
thomasleese/smartbot-old,1,,No CI
cloudfoundry/java-buildpack-system-test,1,,No CI
starwed/Crafty,1,,No CI
sunlightlabs/opencongress,1,,No CI
yahoo/samoa,1,,No CI
hunter-packages/gtest,1,,No CI
ToQoz/scheman,1,,No CI
leeper/Rcourse,1,,No CI
dkrutsko/express-bouncer,1,,No CI
SiftScience/sift-ruby,1,,No CI
AlternativeMods/AlternativeEnergy,1,,No CI
VSEphpbb/boardrules,1,,No CI
etianen/django-herokuapp,1,,No CI
pivotal-cf/bookbinder,1,,No CI
vittoriom/VMInstrumenter,1,,No CI
samsymons/RedditKit.rb,1,,No CI
pgmann/SpectatorPlus,1,,No CI
peter-edge/smartystreets_ruby,1,,No CI
umrum/umrum,1,,No CI
hako/littlesnapper,1,,No CI
Sylius/Inventory,1,,No CI
Sylius/Taxation,1,,No CI
Sylius/Order,1,,No CI
Sylius/Shipping,1,,No CI
skahal/Skahal.Infrastructure.Repositories,1,,No CI
Sylius/Cart,1,,No CI
Sylius/Addressing,1,,No CI
Sylius/Product,1,,No CI
KnightOS/OpenTI,1,,No CI
Zimbra-Community/python-zimbra,1,,No CI
Drosty/truegm,1,,No CI
ploneintranet/ploneintranet.suite,1,,No CI
roroco/ro_commands,1,,No CI
eleme/polaris,1,,No CI
soniakeys/graph2,1,,No CI
micheleorsi/app-stats-crawler,1,,No CI
ploneintranet/ploneintranet.workspace,1,,No CI
cistoner/mail-management-tool,1,,No CI
codingfogey/fontawesome-bundle,1,,No CI
devartis/Spree-Mercado-Pago-payment-method,1,,No CI
rnhurt/ffi-gmagick,1,,No CI
pmq20/mathjax-rails,1,,No CI
codenvy/everrest,1,,No CI
haf/fpm-recipes,1,,No CI
dgoulet/torsocks,1,,No CI
encorephp/framework,1,,No CI
mikaelcom/WsdlToPhp,1,,No CI
GeoscienceAustralia/earthsci,1,,No CI
sjrd/mozart2,1,,No CI
philippec/Ococoa,1,,No CI
amalfra/GiantBomb,1,,No CI
GrahamDeprecated/Laravel-Queuing,1,,No CI
h2oai/h2o-2,1,,No CI
ah450/RiSC-16-Simulator,1,,No CI
amirhhz/hadoop-ansible,1,,No CI
alexanderscott/mirror-quickstart-nodejs,1,,No CI
jurgemaister/turid,1,,No CI
locomote/node-migrate-orm2,1,,No CI
amercier/generator-webapp-php,1,,No CI
freeeve/cq,1,,No CI
Rcpp11/Rcpp-test,1,,No CI
tjg1/norilib,1,,No CI
enkore/j4-dmenu-desktop,1,,No CI
adaptlearning/adapt-contrib-boxmenu,1,,No CI
cekerholic/MiddleStart,1,,No CI
shinnn/AudioContext-Polyfill,1,,No CI
ojhaujjwal/auth,1,,No CI
andreitognolo/raidenjpa,1,,No CI
Mechazawa/Nimdok,1,,No CI
lvillani/lvillani.github.io,1,,No CI
tsuru/tsuru-unit-agent,1,,No CI
FormstoneClassic/Macaroon,1,,No CI
FormstoneClassic/Pronto,1,,No CI
xpush/node-xpush,1,,No CI
anope/anope,1,,No CI
florianeck/smart_search,1,,No CI
redding/mr,1,,No CI
elastic/elasticsearch-js,1,,No CI
Draft-Mafia/IETF-drafts,1,,No CI
scenarioo/scenarioo,1,,No CI
sirodoht/project-euler,1,,No CI
nixpulvis/dinosaurcowboys,1,,No CI
kucrut/wp-widget-attributes,1,,No CI
phillipalexander/ghi,1,,No CI
EdmundsWidgets/com.edmunds.widgets.tmv,1,,No CI
UltrosBot/Ultros,1,,No CI
UltrosBot/Ultros-contrib,1,,No CI
it-can/fuel-mandriller,1,,No CI
redhat-cip/edeploy-roles,1,,No CI
mars9/ramfs,1,,No CI
we-cms/we,1,,No CI
stof/Behat,1,,No CI
LabLayers/2014-website,1,,No CI
modera/ModeraFoundationBundle,1,,No CI
satoyos/Shuffle100,1,,No CI
team3130/Robot-2014,1,,No CI
madjam002/CraftControl,1,,No CI
digipost/ios,1,,No CI
wyicwx/jt,1,,No CI
pingpong-labs/widget,1,,No CI
chriscx/Fluid,1,,No CI
SymBB/symbb,1,,No CI
PaymentSuite/PaypalExpressCheckoutBundle,1,,No CI
PaymentSuite/RedsysBundle,1,,No CI
PaymentSuite/FreePaymentBundle,1,,No CI
SevenBits/Mac-Linux-USB-Loader,1,,No CI
ifsnop/reader_network,1,,No CI
jasonngpt/sprucekit,1,,No CI
nima/site,1,,No CI
NuCivic/dkan_dataset,1,,No CI
afs/quack,1,,No CI
pinax/pinax-starter-app,1,,No CI
paul-em/tiny-webrtc-server,1,,No CI
tchap/go-patricia,1,,No CI
mozilla/events.webmaker.org,1,,No CI
spacecowboy/NotePad,1,,No CI
mozilla/webmaker-events-service,1,,No CI
InspireNXE/Pulse,1,,No CI
FasterXML/jackson-dataformat-cbor,1,,No CI
snowdream/android-imageviewer,1,,No CI
botify-labs/process-kit,1,,No CI
PaymentSuite/PayUBundle,1,,No CI
skroutz/string_metric,1,,No CI
lmas/feedloggr,1,,No CI
hawkw/FitLine,1,,No CI
cloudfoundry/storeadapter,1,,No CI
angular/angulardart.org,1,,No CI
tomkralidis/csw4js,1,,No CI
clebert/mocha-cov-reporter,1,,No CI
cloudfoundry/stager,1,,No CI
go-distributed/epaxos,1,,No CI
remotestorage/remotestorage-server,1,,No CI
Unisay/preferanser,1,,No CI
pinax/pinax-project-forums,1,,No CI
vinniefalco/rippled,1,,No CI
changer/cmsplugin-fbgallery,1,,No CI
fommil/dotfiles,1,,No CI
zats/Crash-Manager,1,,No CI
martinmicunda/employee-scheduling,1,,No CI
the-swerve/temple,1,,No CI
hubdrop/app,1,,No CI
user454322/browserid-verifier,1,,No CI
Jezza/Elemental-Sciences-2,1,,No CI
crosswalk-project/DEPRECATED-crosswalk-apk-generator,1,,No CI
hawkw/traverse,1,,No CI
isisaddons/isis-module-excel,1,,No CI
h12w/gspec,1,,No CI
suitcss/component-builder-suit,1,,No CI
borgstrom/nacl,1,,No CI
KayEss/fost-base-dev,1,,No CI
plone/papyrus,1,,No CI
KINGgemeenten/accessibilitymonitor,1,,No CI
toggl/toggldesktop,1,,No CI
sharethrough/iOS-Sample-App,1,,No CI
paulgabronis/Easy-Sprites,1,,No CI
thrau/openengsb-framework,1,,No CI
bnoi/scikit-tracker,1,,No CI
sergeyk/caffe,1,,No CI
plone/plone.themepreview,1,,No CI
ministryofjustice/moj_template,1,,No CI
asiainfo/ochadoop,1,,No CI
olaferlandsen/FileUpload-for-PHP,1,,No CI
amtrack/buildpack-gitlab,1,,No CI
metrafonic/WhatStatus-Android,1,,No CI
brnrdog/gulpshot,1,,No CI
globocom/tornado-alf,1,,No CI
bclozel/gulp-bower-src,1,,No CI
mongofill/mongofill,1,,No CI
kalamuna/hotsauce-drops-7,1,,No CI
MarvinMenzerath/DoomThemAll,1,,No CI
MarvinMenzerath/IsMyWebsiteDown,1,,No CI
HeisenBugDev/HeisenBugDev-Mod-Hosting,1,,No CI
hugoArregui/awful-blog,1,,No CI
taskcluster/task-graph-scheduler,1,,No CI
johnballantyne/qbws,1,,No CI
DavidRagazzi/nupic,1,,No CI
nbari/DALMP,1,,No CI
osiam/test-suites,1,,No CI
karlcoelho/sinatra-boilerplate,1,,No CI
DeejayArroba/CraftHeads,1,,No CI
KanColleTool/kct-tool,1,,No CI
KanColleTool/kct-viewer,1,,No CI
Sylius/SyliusFixturesBundle,1,,No CI
andlabs/ui,1,,No CI
snowch/stratos-vagrant-box,1,,No CI
hammerlab/immuno,1,,No CI
agordon/compute,1,,No CI
shairez/angular-secured,1,,No CI
shivajivarma/code-base,1,,No CI
soad003/flatman,1,,No CI
jesinwp/custom-error-pages,1,,No CI
TingPing/libsexy3,1,,No CI
zaiminc/DecorateCalendarView,1,,No CI
teenHack42/MatrixOS,1,,No CI
rafbgarcia/angular-parse-wrapper,1,,No CI
BukGet/monitor,1,,No CI
PureSolTechnologies/extended-objects-titan,1,,No CI
uberj/inventory,1,,No CI
gianarb/zf2-formatter,1,,No CI
CodeForPortland/codeforportland.github.io,1,,No CI
MinyFramework/Miny-ORM,1,,No CI
skalnik/print-queue,1,,No CI
modera/ModeraServerCrudBundle,1,,No CI
jboss-developer/www.jboss.org,1,,No CI
tomguthrie/TFGRelativeDateFormatter,1,,No CI
Sylius/Pricing,1,,No CI
agjacome/sds,1,,No CI
Dakror/GitHubNotifier,1,,No CI
seanhandley/keybase,1,,No CI
invercity/mobile-cardio,1,,No CI
pingpong-labs/shortcode,1,,No CI
synapsestudios/synapse-base,1,,No CI
CryptoRepairCrew/Android-Token-V2,1,,No CI
modera/ModeraActivityLoggerBundle,1,,No CI
nhaarman/ListViewAnimations,1,,No CI
nhaarman/supertooltips,1,,No CI
stoyicker/LoLin1_old,1,,No CI
fniephaus/fniephaus.github.io,1,,No CI
blogist/blogist,1,,No CI
TheKevJames/almost-empty,1,,No CI
pingpong-labs/presenters,1,,No CI
obduk/setup_server,1,,No CI
Make-Magazine/makeblog,1,,No CI
ibuildthecloud/cattle,1,,No CI
skndn60/panda,1,,No CI
davispeixoto/Laravel-4-Solr,1,,No CI
redbrain/vigilant,1,,No CI
Izzimach/react-pixi,1,,No CI
davetcoleman/moveit_simple_grasps,1,,No CI
lkrnac/primediser,1,,No CI
goodow/j2objc,1,,No CI
Fullscreen/yt,1,,No CI
ehotinger/VariantChef,1,,No CI
mozilla/webmaker-profile-2,1,,No CI
michaelrhodes/text-content,1,,No CI
mongofill/mongofill-hhvm,1,,No CI
snowdream/snowdream-books-android,1,,No CI
rrpg/engine,1,,No CI
modera/ModeraLanguagesBundle,1,,No CI
Adam-/windows-scripts,1,,No CI
uupaa/PageVisibilityEvent.js,1,,No CI
uupaa/ParticleBench.js,1,,No CI
uupaa/Valid.js,1,,No CI
Katello/katello.org,1,,No CI
owzzz/html5_bootstrap,1,,No CI
clebert/r-pi-gpio,1,,No CI
clebert/r-pi-usonic,1,,No CI
AgentTroll/TrollCommons,1,,No CI
willuhn/jameica,1,,No CI
NuCivic/dkan_datastore,1,,No CI
fastslack/jUpgradePro,1,,No CI
lttng/lttng-tools,1,,No CI
Nemo64/meteor-translator,1,,No CI
toggl/pinger,1,,No CI
Sylius/Registry,1,,No CI
r7kamura/tqbot,1,,No CI
Comcast/sirius-reference-app,1,,No CI
bwrsandman/ReconStruct,1,,No CI
jettify/tulipmq,1,,No CI
odesk/php-odesk,1,,No CI
shutterstock/node-timing-middleware,1,,No CI
bestander/deploy-azure-cdn,1,,No CI
ksoichiro/vagrant-templates,1,,No CI
tark-hidden/pyramid_classy,1,,No CI
Izzimach/react-three,1,,No CI
Sylius/Sequence,1,,No CI
Sylius/SyliusSequenceBundle,1,,No CI
before/uadetector,1,,No CI
obihann/swear-oclock,1,,No CI
modera/ModeraFileRepositoryBundle,1,,No CI
Ommac/RBDemo,1,,No CI
XeliteXirish/Quantum-Energistics-2,1,,No CI
pivotal-cf/weblogic-buildpack,1,,No CI
herom/json-molder,1,,No CI
redhat-cip/config-tools,1,,No CI
getlantern/keyman,1,,No CI
linitix/ireviews,1,,No CI
codeforamerica/ticket-to-ride,1,,No CI
jabooth/menpo,1,,No CI
sindresorhus/github-markdown-css,1,,No CI
aldogroup/adl-utils,1,,No CI
pingpong-labs/menus,1,,No CI
browserify-rails/browserify-rails,1,,No CI
yasinkuyu/NetDash,1,,No CI
uPhyca/gradle-android-aspectj-plugin,1,,No CI
instance01/MinigamesAPI,1,,No CI
ben-eb/gulp-unpathify,1,,No CI
LukasKalbertodt/lumina,1,,No CI
Lomeli12/GelsPlus,1,,No CI
uPhyca/GAlette,1,,No CI
shadow-robot/sr-ronex,1,,No CI
Sylius/Currency,1,,No CI
Sylius/SyliusCurrencyBundle,1,,No CI
Legoless/DesignKit,1,,No CI
go-on/cdncache,1,,No CI
briankung/sprint,1,,No CI
yanjustino/NFaker,1,,No CI
Akobi/ops,1,,No CI
getlantern/byteexec,1,,No CI
tm1990/MiscItemsAndBlocks-Source-Code,1,,No CI
Palid/nBot,1,,No CI
ResultadosDigitais/gooder_data,1,,No CI
chillum/httpstress,1,,No CI
FurryBuilder/FactorItpp,1,,No CI
toggl/pipes-api,1,,No CI
joeybaker/visible-element,1,,No CI
1vasari/lacuna-rb,1,,No CI
bfosberry/gamekick_base,1,,No CI
ifu-lobuntu/pavanecce,1,,No CI
refinery29/jquery-ooyala,1,,No CI
cgfrost/cf-sample-app-nodejs,1,,No CI
Sylius/SyliusContentBundle,1,,No CI
ddasilva/scheme-droid,1,,No CI
uetchy/dockland,1,,No CI
marklee77/ansible-role-mailserver,1,,No CI
nicolindemann/fufefe,1,,No CI
marcoarment/FCModel,1,,No CI
getlantern/enproxy,1,,No CI
Baidu-Music-FE/muplayer,1,,No CI
remind101/pooled-redis,1,,No CI
i4004/AcspNet,1,,No CI
pivotal-cf/uaa-sso-golang,1,,No CI
Parker8283/ThaumcraftMobAspects,1,,No CI
mapbox/mapbox-gl-style-spec,1,,No CI
lexoyo/unifile,1,,No CI
ncschameleon/inforouter,1,,No CI
TMDer/trm,1,,No CI
andyHa/sirius,1,,No CI
scireum/server-sass,1,,No CI
LGordon2/blue-source,1,,No CI
dequis/irssi,1,,No CI
bedekelly/cloneall,1,,No CI
wcandillon/grunt-swagger-js-codegen,1,,No CI
hhtyo/evacuees-by-prefecture,1,,No CI
mbragg02/PlaylistGenerator,1,,No CI
TheKevJames/stock-me,1,,No CI
mozilla/webmaker-landing-pages,1,,No CI
sdegutis/mjolnir,1,,No CI
osiam/docker-image,1,,No CI
dutok/SimpleHome,1,,No CI
GrahamDeprecated/Laravel-Database,1,,No CI
justinsisley/Mercenary,1,,No CI
dropbox/godropbox,1,,No CI
stefanteixeira/exemplo-ghostdriver-gradle,1,,No CI
cloudfoundry-incubator/galera-healthcheck,1,,No CI
1vasari/atomic-lacuna,1,,No CI
cloudfoundry-incubator/notifications,1,,No CI
iheartradio/ShinyBuilder,1,,No CI
Syntaf/ParticleSimulator,1,,No CI
dwightwatson/testing,1,,No CI
roboconf/roboconf-maven-plugin,1,,No CI
go-on/builtin,1,,No CI
brianjmiller/TinCanJS,1,,No CI
project-flink/flink-perf,1,,No CI
pixelslip/Colorkit,1,,No CI
mesosphere/kubernetes-mesos,1,,No CI
MickCrozier/timer-stopwatch,1,,No CI
pingpong-labs/trusty,1,,No CI
ruiquelhas/hapi-magic-filter,1,,No CI
Olapic/madagascar,1,,No CI
wvanbreukelen/Flyer,1,,No CI
3squared/SQKDataKit,1,,No CI
hypeJunction/hypeDropzone,1,,No CI
hypeJunction/hypeGallery,1,,No CI
hypeJunction/hypeWall,1,,No CI
clebert/typesystem,1,,No CI
khchan/ngseed-form-builder,1,,No CI
mobilityhouse/acts_as_addressable,1,,No CI
linitix/nzero-push,1,,No CI
Orbitale/TranslationBundle,1,,No CI
poppinlp/doggy-frame,1,,No CI
m4ns0ur/Base64-Helper-IntelliJ-Plugin,1,,No CI
yarki/kaban-kibana,1,,No CI
ytake/Laravel.VoltDB,1,,No CI
elnebuloso/flex-view,1,,No CI
pavlospt/CircleView,1,,No CI
VetoProjects/VetoLC,1,,No CI
lolzballs/Blocket,1,,No CI
webRunes/Default-WRIO-Theme,1,,No CI
mrpau/ka-lite,1,,No CI
ciarand/exercises,1,,No CI
agocorona/tryhplay,1,,No CI
cloudfoundry/bosh-init,1,,No CI
Bedework/exchange-ws-client,1,,No CI
parroit/gulp-pure-cjs,1,,No CI
OpenFest/clarion,1,,No CI
cloudfoundry-incubator/notifications-sendgrid-receiver,1,,No CI
JohnnyEstilles/keystone,1,,No CI
jembi/openmrs-module-shr-xds-b-repository,1,,No CI
monitorbacklinks/yii2-wordpress,1,,No CI
GeneaLabs/bones-macros,1,,No CI
avp/flickmash,1,,No CI
bitsuperlab/cpp-play,1,,No CI
HubSpot/Rosetta,1,,No CI
stefanteixeira/exemplo-phantomcss-palestra,1,,No CI
rumpkernel-attic/rumprun-baremetal,1,,No CI
symfony2admingenerator/GeneratorBundle,1,,No CI
Kajna/K,1,,No CI
walmartlabs/logback-riemann-appender,1,,No CI
Open-Transactions/opentxs,1,,No CI
Open-Transactions/opentxs-notary,1,,No CI
platformsh/platformsh-docs,1,,No CI
yanatan16/nanoajax,1,,No CI
k-motoyan/passet,1,,No CI
ligi/AJShA,1,,No CI
danigosa/django-simple-seo,1,,No CI
michahell/pinbored-nwjs,1,,No CI
sprintly/sprintly-data,1,,No CI
cloudfoundry/mariadb_ctrl,1,,No CI
tiborsimko/workflow,1,,No CI
crocs-muni/JCAlgTest,1,,No CI
xtuple/xtuple-server-bi,1,,No CI
bt3gl/Python-and-Algorithms-and-Data-Structures,1,,No CI
jgm/CommonMark,1,,No CI
MarvinMenzerath/WebCrawler,1,,No CI
schildbach/bitcoinj,1,,No CI
eleme/bell.js,1,,No CI
OniDaito/CoffeeGL,1,,No CI
aatkin/mobileparser,1,,No CI
tuxmonteiro/vxrouter,1,,No CI
githubschool/recipes,1,,No CI
dfcreative/draggy,1,,No CI
purplecabbage/cordova-plugin-file-transfer,1,,No CI
andreassolberg/uwap,1,,No CI
hypeJunction/hypeScraper,1,,No CI
ChrisTruncer/EyeWitness,1,,No CI
nelsam/gorp_queries,1,,No CI
thomasballinger/bpython,1,,No CI
cdale77/staffnet2,1,,No CI
vermillion-php/vermillion,1,,No CI
reiven/tomber,1,,No CI
getlantern/go-igdman,1,,No CI
ilpianista/libsystemd-qt,1,,No CI
trontrytel/libcloudphxx,1,,No CI
thunsaker/spoon,1,,No CI
KnightHawk3/Hummingbird,1,,No CI
g0v/projectV,1,,No CI
edduarte/protbox,1,,No CI
LegendOfMCPE/xEcon,1,,No CI
LegendOfMCPE/StatsCore,1,,No CI
mvc5/application,1,,No CI
shichao-an/115wangpan,1,,No CI
getlantern/tlsdialer,1,,No CI
pivotal-cf/cf-cassandra-example-app,1,,No CI
bodleian/buildout.loris,1,,No CI
jghibiki/SongHaven,1,,No CI
mishbahr/djangocms-usersettings2,1,,No CI
patriciali/wingman,1,,No CI
umd-mith/sga,1,,No CI
MCServerTools/ServerTools-CORE,1,,No CI
chendaniely/multi-agent-neural-network,1,,No CI
limikael/PixiTextInput,1,,No CI
lasselehtinen/elvis,1,,No CI
ximion/limba,1,,No CI
camjackson/camjackson.net,1,,No CI
eduardolundgren/deprecated-liferay-tasks,1,,No CI
tobiyas/RacesAndClasses,1,,No CI
tobiyas/Utils,1,,No CI
lazyfrosch/puppet-ssh,1,,No CI
opensoars/prodl,1,,No CI
just4fun/meaning,1,,No CI
tinybike/augur.net,1,,No CI
steve-perkins/fitnessjiffy-etl,1,,No CI
steve-perkins/fitnessjiffy-spring,1,,No CI
niklasberglund/freesprints,1,,No CI
javonharper/goodnotes,1,,No CI
xxxAIRINxxx/ARNHeaderStretchFlowLayout,1,,No CI
wbbaddons/Push,1,,No CI
paulmey/packer-azure,1,,No CI
NamelessCoder/gizzle,1,,No CI
clebert/r-pi-brick,1,,No CI
FalconSocial/pre-commit-python-sorter,1,,No CI
GorlifSense/GorlifSense.github.io,1,,No CI
keima/machiasobi-tools,1,,No CI
Saiyan/ownshort,1,,No CI
bunkerchat/bunker,1,,No CI
AugurProject/pyconsensus,1,,No CI
pingpong-labs/validator,1,,No CI
saketkc/bio-tricks,1,,No CI
caffeinated/modules,1,,No CI
xemul/libct,1,,No CI
layeh/piepan,1,,No CI
nathanpdaniel/uber-api,1,,No CI
Alex0007/proxypac-gen-russia,1,,No CI
SchulteMarkus/Megan,1,,No CI
mapio/codebox4im,1,,No CI
uwdata/vega,1,,No CI
xxxAIRINxxx/ARNAlert,1,,No CI
wtekiela/opensub4j,1,,No CI
mapbox/feature-filter,1,,No CI
sw4/pocketknife,1,,No CI
zieckey/muduo,1,,No CI
getlantern/connpool,1,,No CI
timw4mail/node-query,1,,No CI
Feverup/lilliput,1,,No CI
yate/chanu,1,,No CI
caffeinated/shinobi,1,,No CI
bhearsum/redo,1,,No CI
voorhoede/front-end-guide,1,,No CI
Mogara/QSanguosha,1,,No CI
RedXBeard/gitwatcher-ui,1,,No CI
younata/IRCClient,1,,No CI
evanwong/hipchat-java,1,,No CI
mohebifar/chem.js,1,,No CI
wimdu/dsc,1,,No CI
blinkboxbooks/swaggerific,1,,No CI
getlantern/waitforserver,1,,No CI
City-of-Helsinki/kuulemma,1,,No CI
b4n/geany,1,,No CI
mozilla/masterfirefoxos,1,,No CI
BarcelonaJS/node,1,,No CI
increments/qiitan-rb,1,,No CI
mishbahr/djangocms-responsive-wrapper,1,,No CI
pingpong-labs/generators,1,,No CI
opensource-socialnetwork/opensource-socialnetwork,1,,No CI
metno/metapi,1,,No CI
OfficeDev/Office-365-SDK-for-Android,1,,No CI
eordano/bitcore,1,,No CI
TransformCore/BIS-BDT-Citizen,1,,No CI
mssola/hoare,1,,No CI
rhq-project/netty-collectd,1,,No CI
mefellows/packer-dsc,1,,No CI
yahoo/fluxible-plugin-routr,1,,No CI
jonesdy/StockSim,1,,No CI
martyjs/marty,1,,No CI
Tsarpf/Tsatter,1,,No CI
CalvertYang/simple-nexmo,1,,No CI
leosartaj/PyChat,1,,No CI
smartdevicelink/sdl_shaid,1,,No CI
Raphy/epitech-api,1,,No CI
openca/openca-ocspd,1,,No CI
telefonicaid/fiware-keystone-scim,1,,No CI
diasdavid/simple-raytracer,1,,No CI
marcobiedermann/contao-theme-boilerplate,1,,No CI
Noxxos/2IV60,1,,No CI
elekktrisch/electricar,1,,No CI
cloudfoundry-incubator/switchboard,1,,No CI
martyjs/marty-devtools,1,,No CI
marsbard/puppet-alfresco,1,,No CI
fclaerho/armada,1,,No CI
opensoars/ma,1,,No CI
DIYgod/CourseCompiler,1,,No CI
DIYgod/StudyRecord,1,,No CI
avilleret/Gem,1,,No CI
y-js/yjs,1,,No CI
getlantern/balancer,1,,No CI
OpenMusicKontrollers/midi_matrix.lv2,1,,No CI
appserver-io-php/runtime,1,,No CI
rands0n/made-with-love,1,,No CI
Bekt/tweetement,1,,No CI
taskcluster/taskcluster-vcs,1,,No CI
hiptest/hiptest-publisher-samples,1,,No CI
open-rdc/icart,1,,No CI
amoAHCP/vert.x-microservice,1,,No CI
jakejarrett/vanguard,1,,No CI
PureSolTechnologies/parsers,1,,No CI
hanzz/universe-traders,1,,No CI
Phyks/Dijkstra,1,,No CI
getlantern/fronted,1,,No CI
webRunes/ZombieMoon-WRIO-Game,1,,No CI
dlochrie/norris,1,,No CI
safl/pychapel,1,,No CI
webRunes/Image-WRIO-App,1,,No CI
amreuland/vdfedit,1,,No CI
fanduel/ng-cookies,1,,No CI
ehazlett/machine,1,,No CI
rmtheis/tess-two,1,,No CI
gimli-org/gimli,1,,No CI
thomas-mangin/exabgp,1,,No CI
opsbears/obf-classloader,1,,No CI
snowdream/snowdream-jokes-android,1,,No CI
jgkamat/ViPaint,1,,No CI
jaredfolkins/badactor,1,,No CI
JoinSead/Web-Client,1,,No CI
vluzrmos/laravel-validation-trait,1,,No CI
LambdaInnovation/AcademyCraft,1,,No CI
Kitware/SMTK,1,,No CI
PathwayCommons/biojs-pcviz,1,,No CI
philicious/spacewalk-server-chef,1,,No CI
TadasBaltrusaitis/CLM-framework,1,,No CI
dial-once/node-cache-manager-redis,1,,No CI
ripple/ripple-lib-extensions,1,,No CI
eleme/archer,1,,No CI
dashingrocket/mongodb_queue,1,,No CI
nolanlawson/pouchdb-find,1,,No CI
wasabeef/recyclerview-animators,1,,No CI
manavsehgal/opentheme,1,,No CI
Islandora-CLAW/CLAW,1,,No CI
meisterfuu/AnimexxApp,1,,No CI
svera/lemur,1,,No CI
hirokai/MicroManagerViewer,1,,No CI
ansballard/SkyrimModWatcher,1,,No CI
strues/TopShelf,1,,No CI
andrew-elder/avdecc-lib,1,,No CI
LambdaInnovation/AnnotationRegistry,1,,No CI
littleyoda/hibiscus.depotviewer,1,,No CI
Spartronics4915/2015-Recycle-Rush,1,,No CI
CGATOxford/dashboard,1,,No CI
bqlabs/horus,1,,No CI
ipeychev/alloy-editor,1,,No CI
PureSolTechnologies/versioning,1,,No CI
thisiscapra/thisiscapra.com,1,,No CI
juzmach/laughing-computing-machine,1,,No CI
jasonsjones/stack-lifo,1,,No CI
wlox/wlox-api,1,,No CI
wlox/wlox-auth,1,,No CI
wlox/wlox-frontend,1,,No CI
wlox/wlox-cron,1,,No CI
wlox/backstage2,1,,No CI
benjaoming/ka-lite,1,,No CI
tryagainconcepts/pyflapjack,1,,No CI
TAPevents/tap-i18n,1,,No CI
ptmt/tryflow,1,,No CI
focusnetworks/slush-focusnetworks,1,,No CI
firsttris/node-red-contrib-homematic,1,,No CI
firsttris/node-red-contrib-wifi370,1,,No CI
rotati/rotati.github.io,1,,No CI
ttanimichi/bigquery-client,1,,No CI
G4brym/Wild-Exame,1,,No CI
InfectedLan/InfectedMain,1,,No CI
InfectedLan/InfectedCrew,1,,No CI
InfectedLan/InfectedTickets,1,,No CI
InfectedLan/InfectedInfo,1,,No CI
InfectedLan/InfectedCompo,1,,No CI
gagle/node-mongodb-fixture,1,,No CI
AlbanAndrieu/nabla-projects-interview-visma,1,,No CI
irkanu/ncsu-dashboard,1,,No CI
haroldoramirez/sgmplay,1,,No CI
CodingDudes/AndroidTest,1,,No CI
rocketeers/rocketeer-laravel,1,,No CI
samuelregev/anywayAndroidApp,1,,No CI
CodeForMD/magdego-server,1,,No CI
dansackett/computer-science,1,,No CI
jrummell/facebooksteamachievements,1,,No CI
codes-achievement/codes-achievement-idea-plugin,1,,No CI
jasonsjones/set-data-structure,1,,No CI
nlamirault/go-scaleway,1,,No CI
ryan-codingintrigue/Contentful.NET,1,,No CI
forge/netbeans-plugin,1,,No CI
algesten/trifl,1,,No CI
emmanuelgautier/node-rest-webservice,1,,No CI
innstereo/innstereo,1,,No CI
mapbox/mapbox-gl-function,1,,No CI
omgrr/ScriptBot,1,,No CI
eirka/eirka-get,1,,No CI
eirka/eirka-post,1,,No CI
pushd/BackgroundUpload-CocoaLumberjack,1,,No CI
kevva/wifi-name,1,,No CI
kevva/wifi-password,1,,No CI
cheukyin699/Cellular_Automata,1,,No CI
Isigiel/survey,1,,No CI
jquintus/ConsoleProjects,1,,No CI
pivotal-cf-experimental/envoy,1,,No CI
PufferPanel/Scales,1,,No CI
rosshamish/classtime,1,,No CI
stefanwalther/qliksense-extension-tutorial,1,,No CI
team-diana/hlCANopen,1,,No CI
nathantippy/jFAST,1,,No CI
devinwl/rubicktrainer,1,,No CI
Antidote-for-Tox/toxcore-ios,1,,No CI
go-playground/validator,1,,No CI
zach2good/SLChart.js,1,,No CI
ergl/jASM,1,,No CI
Som-Energia/informe-ocsum,1,,No CI
Nchaos/ResearchSMU,1,,No CI
christianvuerings/sis-custom,1,,No CI
jasonsjones/simple-data-cache,1,,No CI
mhaas/wifidog-gateway,1,,No CI
codestation/vitamtp,1,,No CI
dolaterio/dolaterio,1,,No CI
coveo/coveohubot,1,,No CI
dhershman1/OxidePlugins,1,,No CI
chornsby/TouristTracker,1,,No CI
legacy-icons/open-share-icon,1,,No CI
legacy-icons/opml-icon,1,,No CI
sp-niemand/yii2-jobby,1,,No CI
deconst/deconst-docs,1,,No CI
pivotal-cf-experimental/cf-mysql-quota-enforcer,1,,No CI
wannundwo/wuw_client,1,,No CI
vnijs/radiant,1,,No CI
FREEZX/generator-nukejs,1,,No CI
sarkeshLtd/Mega,1,,No CI
skettios/Vagabond,1,,No CI
raphiz/passwordcards,1,,No CI
christinloehner/linuxcounter.new,1,,No CI
damienstanton/p3daemon,1,,No CI
unixninja92/Div-III-Client,1,,No CI
michaelrigart/ansible-role-odoo,1,,No CI
v3c70r/GL4Framework,1,,No CI
timonsk/CaliburnNinject-experiment,1,,No CI
hpcsc/ActiveDirectoryWebApp,1,,No CI
bderidder/ldm-guild-website,1,,No CI
cauerego/cregox-scripts,1,,No CI
PRIDE-Archive/search,1,,No CI
PRIDE-Archive/web,1,,No CI
midipix-ports/cbb-gcc,1,,No CI
sr-murthy/TPP,1,,No CI
Financial-Times/next-ft-api-client,1,,No CI